id,source,target
0,1,6
1,1,9
2,1,20
3,1,22
4,1,41
5,2,26
6,2,31
7,2,32
8,2,35
9,2,44
10,3,4
11,3,12
12,3,16
13,3,25
14,3,27
15,3,33
16,4,5
17,4,6
18,4,9
19,4,12
20,4,19
21,4,20
22,4,40
23,4,44
24,5,8
25,5,10
26,5,15
27,5,16
28,5,26
29,5,28
30,5,30
31,5,33
32,5,38
33,6,19
34,6,25
35,6,26
36,6,37
37,7,16
38,7,22
39,7,24
40,7,29
41,7,35
42,7,37
43,7,44
44,8,19
45,8,21
46,8,25
47,8,33
48,8,37
49,8,42
50,9,21
51,9,29
52,9,33
53,9,40
54,10,20
55,10,37
56,10,39
57,10,40
58,11,28
59,11,29
60,11,39
61,12,17
62,12,26
63,12,33
64,12,35
65,12,37
66,12,39
67,12,42
68,13,24
69,13,25
70,13,28
71,13,30
72,14,21
73,14,28
74,14,35
75,15,17
76,15,20
77,15,22
78,15,30
79,15,35
80,16,17
81,16,18
82,16,37
83,17,18
84,17,22
85,17,30
86,17,32
87,17,43
88,18,21
89,18,27
90,19,27
91,19,34
92,19,35
93,19,37
94,19,42
95,20,23
96,20,24
97,20,27
98,20,39
99,21,37
100,21,40
101,21,43
102,22,24
103,22,33
104,23,24
105,23,42
106,24,28
107,24,29
108,24,38
109,24,42
110,25,42
111,25,43
112,26,27
113,27,43
114,28,31
115,28,32
116,28,35
117,28,37
118,28,39
119,28,40
120,30,41
121,31,37
122,31,40
123,31,41
124,32,39
125,32,44
126,33,36
127,35,39
128,37,44
129,38,42
130,40,43
131,42,43
132,45,53
133,45,56
134,45,58
135,45,59
136,45,62
137,45,64
138,46,47
139,46,57
140,46,62
141,46,64
142,46,66
143,47,48
144,47,52
145,47,55
146,47,58
147,47,65
148,48,50
149,48,51
150,48,52
151,48,55
152,48,56
153,48,63
154,48,70
155,49,57
156,49,67
157,49,71
158,50,54
159,50,55
160,50,60
161,50,68
162,50,71
163,50,73
164,51,53
165,51,70
166,51,74
167,52,55
168,52,56
169,52,58
170,52,61
171,52,62
172,52,63
173,53,64
174,53,71
175,54,55
176,54,59
177,54,62
178,54,63
179,54,74
180,55,60
181,55,67
182,55,68
183,56,61
184,56,66
185,56,67
186,56,74
187,57,72
188,57,74
189,58,59
190,58,60
191,58,69
192,58,70
193,59,60
194,59,64
195,59,67
196,59,68
197,59,69
198,60,73
199,61,71
200,61,72
201,61,74
202,62,63
203,62,65
204,62,66
205,62,67
206,64,66
207,64,70
208,64,72
209,65,68
210,65,70
211,65,73
212,65,74
213,66,67
214,66,68
215,66,70
216,67,70
217,67,72
218,68,71
219,70,73
220,72,73
221,73,74
222,75,76
223,75,91
224,75,92
225,75,96
226,75,101
227,76,105
228,76,114
229,76,116
230,77,85
231,77,87
232,77,89
233,77,97
234,77,102
235,78,81
236,78,88
237,78,95
238,78,98
239,78,114
240,78,116
241,79,84
242,79,103
243,79,107
244,79,116
245,79,117
246,79,119
247,80,88
248,80,94
249,80,107
250,80,109
251,80,112
252,80,118
253,80,123
254,81,96
255,81,98
256,81,112
257,81,115
258,81,122
259,82,100
260,82,110
261,83,94
262,83,97
263,83,100
264,84,91
265,84,92
266,84,94
267,84,104
268,85,86
269,85,90
270,85,91
271,85,95
272,85,99
273,85,102
274,85,109
275,85,113
276,86,88
277,86,91
278,86,93
279,86,99
280,86,102
281,86,104
282,86,105
283,86,107
284,86,111
285,86,117
286,86,119
287,87,96
288,87,103
289,88,99
290,88,103
291,88,114
292,88,123
293,89,90
294,90,92
295,90,93
296,90,101
297,90,115
298,90,123
299,91,102
300,91,108
301,91,119
302,92,102
303,92,113
304,92,116
305,92,123
306,93,103
307,93,108
308,93,117
309,93,119
310,94,102
311,94,103
312,94,106
313,94,111
314,94,122
315,94,123
316,95,100
317,95,115
318,96,105
319,96,113
320,96,120
321,96,123
322,97,102
323,97,108
324,97,109
325,97,115
326,97,122
327,98,99
328,98,118
329,99,101
330,99,103
331,99,111
332,99,114
333,100,107
334,101,104
335,101,121
336,101,123
337,102,103
338,102,105
339,102,110
340,103,114
341,104,110
342,104,112
343,104,113
344,104,114
345,104,120
346,104,122
347,105,117
348,106,108
349,106,110
350,106,119
351,106,121
352,106,122
353,106,123
354,107,110
355,107,115
356,109,117
357,110,118
358,110,121
359,111,115
360,111,123
361,112,115
362,113,117
363,113,120
364,115,116
365,115,117
366,115,123
367,117,118
368,121,123
369,124,133
370,124,146
371,124,155
372,124,159
373,124,164
374,124,168
375,124,172
376,125,145
377,125,146
378,125,168
379,126,128
380,126,132
381,126,137
382,126,142
383,126,151
384,126,152
385,126,164
386,126,168
387,127,131
388,127,152
389,127,154
390,127,170
391,128,131
392,128,137
393,128,141
394,128,142
395,128,144
396,128,152
397,128,157
398,128,168
399,129,135
400,129,136
401,129,139
402,129,147
403,129,149
404,129,164
405,129,166
406,130,147
407,130,158
408,131,138
409,131,146
410,131,149
411,131,169
412,132,133
413,132,141
414,132,148
415,132,162
416,132,163
417,132,168
418,133,135
419,133,137
420,133,138
421,133,144
422,133,148
423,133,157
424,133,158
425,133,171
426,134,138
427,134,142
428,134,147
429,134,159
430,134,169
431,135,139
432,135,142
433,135,146
434,135,156
435,135,167
436,136,140
437,136,149
438,136,165
439,136,167
440,136,170
441,136,172
442,137,148
443,138,142
444,138,157
445,138,159
446,139,148
447,139,154
448,139,161
449,139,165
450,139,169
451,140,145
452,140,146
453,140,151
454,140,156
455,140,159
456,140,161
457,140,163
458,141,146
459,141,160
460,141,171
461,142,148
462,142,154
463,142,155
464,142,161
465,142,166
466,142,169
467,143,151
468,143,170
469,144,149
470,144,161
471,144,163
472,144,169
473,145,153
474,145,159
475,145,167
476,146,147
477,146,152
478,146,171
479,147,149
480,147,164
481,148,163
482,148,166
483,150,164
484,151,159
485,151,162
486,151,163
487,151,165
488,151,168
489,152,158
490,152,166
491,152,168
492,153,162
493,153,163
494,153,168
495,154,160
496,154,161
497,154,163
498,154,169
499,155,167
500,156,161
501,156,165
502,156,166
503,156,170
504,156,172
505,157,165
506,157,171
507,158,162
508,161,167
509,162,168
510,163,170
511,164,166
512,165,171
513,166,172
514,168,171
515,170,171
516,173,185
517,174,184
518,174,192
519,174,195
520,174,199
521,174,200
522,175,179
523,175,180
524,175,183
525,175,184
526,175,190
527,175,202
528,175,206
529,175,207
530,176,179
531,176,181
532,176,195
533,176,199
534,176,208
535,177,185
536,177,195
537,177,196
538,177,203
539,177,206
540,177,208
541,178,179
542,178,190
543,178,191
544,178,195
545,178,201
546,178,207
547,179,184
548,179,185
549,179,189
550,179,190
551,179,193
552,179,196
553,179,200
554,180,184
555,180,189
556,180,206
557,181,185
558,181,192
559,181,197
560,181,199
561,181,205
562,181,207
563,182,185
564,182,189
565,182,202
566,182,208
567,183,187
568,183,198
569,183,200
570,183,203
571,183,207
572,184,185
573,184,186
574,184,193
575,184,202
576,184,206
577,184,207
578,185,201
579,185,204
580,186,196
581,186,198
582,186,202
583,186,205
584,186,207
585,187,195
586,187,199
587,188,194
588,188,196
589,188,199
590,188,201
591,188,202
592,189,192
593,189,201
594,189,202
595,190,191
596,190,201
597,190,204
598,190,206
599,192,203
600,192,207
601,193,206
602,193,208
603,194,205
604,195,198
605,195,200
606,195,202
607,195,205
608,196,205
609,196,208
610,197,208
611,198,200
612,198,206
613,198,207
614,199,200
615,199,203
616,199,207
617,199,208
618,200,206
619,202,203
620,202,205
621,203,207
622,205,207
623,206,208
624,209,217
625,209,220
626,209,222
627,209,224
628,210,219
629,210,220
630,210,224
631,211,215
632,211,217
633,211,218
634,211,220
635,211,222
636,211,224
637,212,213
638,212,215
639,212,218
640,212,219
641,212,220
642,212,221
643,212,223
644,212,227
645,213,214
646,213,215
647,213,216
648,213,217
649,213,220
650,213,222
651,213,223
652,213,224
653,213,225
654,214,218
655,214,219
656,214,221
657,215,219
658,215,220
659,215,221
660,215,222
661,215,223
662,215,224
663,215,225
664,215,227
665,216,220
666,217,218
667,217,220
668,218,219
669,218,221
670,219,222
671,219,224
672,219,227
673,220,221
674,220,223
675,220,226
676,221,225
677,223,225
678,224,225
679,225,226
680,226,227
681,228,229
682,228,233
683,228,236
684,228,239
685,228,240
686,229,230
687,229,231
688,229,235
689,229,239
690,230,231
691,230,232
692,230,235
693,230,239
694,230,240
695,231,232
696,231,233
697,231,235
698,231,236
699,231,238
700,231,239
701,232,233
702,232,236
703,232,237
704,232,240
705,233,234
706,233,235
707,233,236
708,233,238
709,233,241
710,234,235
711,234,237
712,234,239
713,235,236
714,235,238
715,236,237
716,236,238
717,236,241
718,237,239
719,237,240
720,238,240
721,239,240
722,239,241
723,242,243
724,242,245
725,242,247
726,242,249
727,242,261
728,242,262
729,242,266
730,242,267
731,243,244
732,243,249
733,243,252
734,243,253
735,243,257
736,243,264
737,243,265
738,244,245
739,244,249
740,244,252
741,244,256
742,244,258
743,244,265
744,245,247
745,245,254
746,245,259
747,245,265
748,246,249
749,246,252
750,246,264
751,247,250
752,247,253
753,247,257
754,247,260
755,247,262
756,248,253
757,248,257
758,248,265
759,249,253
760,249,254
761,249,257
762,249,264
763,249,265
764,249,266
765,250,253
766,250,254
767,250,255
768,251,252
769,251,253
770,251,258
771,252,260
772,253,255
773,253,261
774,253,262
775,253,267
776,254,256
777,254,265
778,255,256
779,255,261
780,255,266
781,256,263
782,256,267
783,257,264
784,258,260
785,258,265
786,258,267
787,259,262
788,259,263
789,259,267
790,260,262
791,260,263
792,260,267
793,261,267
794,262,266
795,263,264
796,263,265
797,264,266
798,264,267
799,265,267
800,266,267
801,268,269
802,268,275
803,268,277
804,268,280
805,268,284
806,269,270
807,269,275
808,269,277
809,269,279
810,269,281
811,269,283
812,269,284
813,270,274
814,270,277
815,270,278
816,270,279
817,270,283
818,271,277
819,271,279
820,271,281
821,271,287
822,271,289
823,272,273
824,272,276
825,272,286
826,272,290
827,273,282
828,273,291
829,274,277
830,274,278
831,274,283
832,274,287
833,274,290
834,275,276
835,275,279
836,275,280
837,275,281
838,275,288
839,276,287
840,276,288
841,276,290
842,276,291
843,277,280
844,277,281
845,277,282
846,277,286
847,277,288
848,277,291
849,278,280
850,278,284
851,279,280
852,279,281
853,279,284
854,279,285
855,279,286
856,279,288
857,279,291
858,280,284
859,280,289
860,280,290
861,281,282
862,281,283
863,281,285
864,281,290
865,282,284
866,282,289
867,283,291
868,284,286
869,286,291
870,287,290
871,288,291
872,290,291
873,292,293
874,292,298
875,292,299
876,292,308
877,293,294
878,293,303
879,293,304
880,293,310
881,293,312
882,293,314
883,294,298
884,294,300
885,294,306
886,294,307
887,294,308
888,294,310
889,294,312
890,294,313
891,295,296
892,295,300
893,295,301
894,295,303
895,295,308
896,295,309
897,295,310
898,295,311
899,296,299
900,296,300
901,296,306
902,296,307
903,296,314
904,297,298
905,297,301
906,297,304
907,297,308
908,297,310
909,298,300
910,298,304
911,298,306
912,300,303
913,300,304
914,300,305
915,300,306
916,300,307
917,300,309
918,301,305
919,301,306
920,301,308
921,301,312
922,301,313
923,302,304
924,302,313
925,304,307
926,304,311
927,305,307
928,305,308
929,305,309
930,306,307
931,307,308
932,307,312
933,308,309
934,308,311
935,308,313
936,308,314
937,309,312
938,310,313
939,312,313
940,312,314
941,313,314
942,315,316
943,315,317
944,315,320
945,315,321
946,315,324
947,315,325
948,315,333
949,315,338
950,315,339
951,316,321
952,316,326
953,317,320
954,317,331
955,317,332
956,317,338
957,317,342
958,318,321
959,318,323
960,318,325
961,318,331
962,318,334
963,319,321
964,319,325
965,319,332
966,319,335
967,319,336
968,319,342
969,320,324
970,320,333
971,320,342
972,321,322
973,321,329
974,321,331
975,321,335
976,321,339
977,321,341
978,322,327
979,322,336
980,322,341
981,323,324
982,323,339
983,323,341
984,323,342
985,324,325
986,324,328
987,324,329
988,324,330
989,324,333
990,324,336
991,325,330
992,325,331
993,325,333
994,325,336
995,326,328
996,326,332
997,326,333
998,326,336
999,326,337
1000,327,338
1001,329,330
1002,329,334
1003,329,339
1004,330,332
1005,330,336
1006,330,337
1007,330,339
1008,330,342
1009,331,332
1010,331,335
1011,331,336
1012,332,334
1013,332,335
1014,332,338
1015,332,341
1016,333,340
1017,333,342
1018,334,341
1019,335,340
1020,336,338
1021,336,339
1022,337,340
1023,337,341
1024,337,342
1025,338,341
1026,343,345
1027,343,354
1028,343,356
1029,343,358
1030,343,360
1031,343,361
1032,343,368
1033,343,375
1034,344,358
1035,344,365
1036,344,375
1037,345,349
1038,345,350
1039,345,359
1040,345,364
1041,345,367
1042,345,368
1043,345,371
1044,345,374
1045,345,382
1046,346,364
1047,346,365
1048,346,371
1049,346,373
1050,346,381
1051,347,348
1052,347,353
1053,347,358
1054,348,355
1055,348,357
1056,348,360
1057,348,362
1058,348,363
1059,348,370
1060,348,379
1061,348,384
1062,349,353
1063,349,355
1064,349,357
1065,349,363
1066,349,381
1067,350,362
1068,350,363
1069,351,365
1070,351,379
1071,352,353
1072,352,356
1073,352,359
1074,352,370
1075,352,373
1076,352,380
1077,353,359
1078,353,370
1079,353,373
1080,353,377
1081,353,384
1082,354,371
1083,354,374
1084,354,379
1085,355,358
1086,356,362
1087,356,365
1088,356,370
1089,356,372
1090,356,375
1091,357,358
1092,357,359
1093,357,377
1094,357,379
1095,357,384
1096,358,365
1097,358,369
1098,358,377
1099,358,378
1100,359,365
1101,359,369
1102,359,374
1103,359,375
1104,359,376
1105,360,364
1106,360,365
1107,360,369
1108,360,373
1109,361,380
1110,362,365
1111,362,370
1112,362,377
1113,362,384
1114,363,370
1115,363,376
1116,363,378
1117,363,383
1118,364,375
1119,364,380
1120,364,383
1121,365,367
1122,365,371
1123,365,374
1124,365,380
1125,366,369
1126,366,372
1127,367,372
1128,367,374
1129,367,378
1130,367,380
1131,369,370
1132,369,382
1133,370,372
1134,370,379
1135,371,377
1136,371,379
1137,371,383
1138,372,373
1139,372,375
1140,372,376
1141,372,377
1142,373,380
1143,373,381
1144,374,384
1145,375,384
1146,377,382
1147,378,380
1148,378,381
1149,379,380
1150,379,381
1151,380,383
1152,385,388
1153,385,389
1154,385,402
1155,385,403
1156,386,394
1157,386,398
1158,386,410
1159,386,411
1160,386,416
1161,386,422
1162,387,388
1163,387,411
1164,387,422
1165,388,389
1166,388,392
1167,388,394
1168,388,399
1169,388,416
1170,389,391
1171,389,403
1172,389,417
1173,389,423
1174,389,424
1175,389,427
1176,390,397
1177,390,407
1178,390,416
1179,390,426
1180,390,427
1181,391,393
1182,391,396
1183,391,405
1184,391,418
1185,391,429
1186,392,398
1187,392,401
1188,392,405
1189,392,408
1190,392,412
1191,392,421
1192,392,427
1193,392,430
1194,393,395
1195,393,396
1196,393,407
1197,393,425
1198,393,429
1199,394,400
1200,394,407
1201,394,422
1202,394,427
1203,395,399
1204,395,401
1205,395,404
1206,395,422
1207,396,397
1208,396,399
1209,396,401
1210,396,410
1211,396,412
1212,396,417
1213,397,408
1214,397,409
1215,397,412
1216,397,414
1217,397,419
1218,397,428
1219,398,403
1220,398,424
1221,398,427
1222,399,401
1223,399,410
1224,399,411
1225,399,415
1226,399,427
1227,399,431
1228,400,402
1229,400,403
1230,400,405
1231,400,411
1232,400,412
1233,400,416
1234,400,419
1235,400,426
1236,401,405
1237,401,414
1238,401,417
1239,401,426
1240,402,408
1241,402,410
1242,402,412
1243,402,416
1244,402,417
1245,402,429
1246,403,404
1247,403,405
1248,403,412
1249,403,414
1250,403,418
1251,403,427
1252,404,419
1253,404,424
1254,405,415
1255,405,424
1256,405,428
1257,406,411
1258,406,413
1259,406,418
1260,406,425
1261,407,424
1262,408,410
1263,408,419
1264,408,430
1265,409,426
1266,410,418
1267,410,419
1268,410,424
1269,411,415
1270,411,425
1271,411,428
1272,411,430
1273,412,414
1274,412,431
1275,413,415
1276,413,419
1277,413,423
1278,413,430
1279,415,428
1280,416,417
1281,417,421
1282,419,421
1283,420,421
1284,420,422
1285,420,423
1286,421,426
1287,422,426
1288,424,430
1289,425,429
1290,427,430
1291,428,430
1292,429,431
1293,432,433
1294,432,436
1295,432,447
1296,432,452
1297,432,458
1298,432,464
1299,432,469
1300,433,436
1301,433,437
1302,433,459
1303,433,466
1304,434,447
1305,434,456
1306,434,458
1307,434,459
1308,434,466
1309,434,468
1310,435,436
1311,435,441
1312,435,442
1313,435,464
1314,435,467
1315,436,440
1316,436,452
1317,436,458
1318,436,468
1319,437,448
1320,437,464
1321,437,465
1322,438,451
1323,438,455
1324,438,456
1325,438,459
1326,438,460
1327,438,461
1328,438,464
1329,438,467
1330,438,471
1331,439,455
1332,439,460
1333,439,467
1334,439,470
1335,440,450
1336,440,456
1337,440,458
1338,440,465
1339,440,470
1340,441,445
1341,441,449
1342,441,455
1343,441,467
1344,442,445
1345,442,446
1346,442,450
1347,442,454
1348,442,465
1349,442,466
1350,443,465
1351,443,470
1352,443,471
1353,444,446
1354,444,457
1355,444,462
1356,444,466
1357,445,452
1358,445,457
1359,445,467
1360,445,470
1361,446,447
1362,446,457
1363,446,459
1364,446,465
1365,446,471
1366,447,452
1367,447,465
1368,448,456
1369,448,457
1370,448,459
1371,448,468
1372,448,470
1373,448,471
1374,449,452
1375,449,457
1376,449,466
1377,449,469
1378,449,471
1379,450,457
1380,450,465
1381,450,469
1382,451,457
1383,451,466
1384,451,468
1385,452,453
1386,452,458
1387,452,462
1388,452,467
1389,453,457
1390,453,466
1391,453,471
1392,454,456
1393,455,457
1394,455,458
1395,455,459
1396,456,468
1397,457,471
1398,458,461
1399,459,462
1400,460,464
1401,460,471
1402,461,464
1403,461,466
1404,461,467
1405,461,471
1406,463,466
1407,464,465
1408,465,471
1409,466,469
1410,467,471
1411,468,471
1412,469,470
1413,472,474
1414,472,475
1415,472,476
1416,472,477
1417,472,479
1418,472,481
1419,473,476
1420,473,477
1421,473,478
1422,473,479
1423,473,481
1424,474,475
1425,474,477
1426,474,478
1427,474,480
1428,474,481
1429,475,476
1430,475,477
1431,475,478
1432,475,479
1433,475,481
1434,476,477
1435,476,480
1436,477,479
1437,477,480
1438,477,481
1439,478,479
1440,478,481
1441,479,480
1442,479,481
1443,482,483
1444,482,489
1445,482,490
1446,482,492
1447,482,497
1448,482,499
1449,482,501
1450,482,502
1451,482,509
1452,483,484
1453,483,492
1454,483,495
1455,483,505
1456,483,509
1457,484,485
1458,484,488
1459,484,489
1460,484,490
1461,484,492
1462,484,497
1463,485,487
1464,485,490
1465,485,493
1466,485,494
1467,485,505
1468,485,509
1469,486,487
1470,486,489
1471,486,490
1472,486,491
1473,486,495
1474,486,498
1475,486,501
1476,486,503
1477,486,506
1478,487,489
1479,487,490
1480,487,494
1481,487,498
1482,487,501
1483,487,503
1484,487,509
1485,488,489
1486,488,503
1487,488,506
1488,488,508
1489,489,497
1490,489,498
1491,489,499
1492,489,503
1493,489,507
1494,490,491
1495,491,493
1496,491,499
1497,492,497
1498,492,503
1499,492,509
1500,493,494
1501,493,495
1502,493,498
1503,494,497
1504,494,502
1505,494,508
1506,494,509
1507,495,503
1508,495,507
1509,495,508
1510,496,498
1511,496,502
1512,496,504
1513,496,507
1514,496,509
1515,497,501
1516,497,509
1517,498,509
1518,500,501
1519,500,502
1520,501,505
1521,502,506
1522,502,507
1523,503,508
1524,503,509
1525,504,506
1526,504,508
1527,510,511
1528,510,512
1529,510,513
1530,510,515
1531,510,519
1532,510,521
1533,510,523
1534,510,525
1535,511,514
1536,511,518
1537,511,522
1538,511,523
1539,511,524
1540,512,515
1541,512,516
1542,512,519
1543,512,521
1544,513,516
1545,513,518
1546,513,519
1547,513,522
1548,513,525
1549,513,526
1550,514,515
1551,514,522
1552,514,524
1553,515,516
1554,515,520
1555,515,522
1556,516,517
1557,516,519
1558,516,522
1559,516,523
1560,516,524
1561,517,520
1562,517,522
1563,518,523
1564,518,524
1565,518,525
1566,519,523
1567,519,524
1568,519,526
1569,520,521
1570,520,523
1571,521,522
1572,521,523
1573,521,524
1574,522,524
1575,522,526
1576,524,525
1577,524,526
1578,527,529
1579,527,537
1580,527,549
1581,527,553
1582,527,556
1583,527,559
1584,527,571
1585,528,541
1586,528,543
1587,528,545
1588,528,549
1589,528,553
1590,528,563
1591,528,569
1592,529,550
1593,529,556
1594,529,559
1595,530,540
1596,530,541
1597,530,544
1598,530,548
1599,530,551
1600,530,553
1601,530,555
1602,530,559
1603,530,567
1604,530,569
1605,530,570
1606,531,535
1607,531,552
1608,531,563
1609,532,544
1610,532,564
1611,532,573
1612,533,547
1613,533,558
1614,533,566
1615,534,558
1616,534,561
1617,534,564
1618,534,568
1619,534,570
1620,534,571
1621,535,559
1622,535,560
1623,535,571
1624,536,539
1625,536,540
1626,536,557
1627,536,569
1628,537,544
1629,537,546
1630,537,565
1631,537,571
1632,538,541
1633,538,549
1634,538,554
1635,538,556
1636,538,557
1637,538,561
1638,538,571
1639,538,572
1640,539,541
1641,539,548
1642,539,549
1643,539,561
1644,540,544
1645,541,553
1646,541,556
1647,541,558
1648,541,563
1649,542,546
1650,542,552
1651,542,554
1652,542,556
1653,542,564
1654,542,565
1655,543,554
1656,543,557
1657,543,560
1658,543,562
1659,543,566
1660,543,573
1661,544,551
1662,544,554
1663,544,557
1664,544,565
1665,544,567
1666,545,549
1667,545,553
1668,545,554
1669,545,563
1670,545,569
1671,547,555
1672,547,572
1673,548,559
1674,548,567
1675,548,571
1676,549,556
1677,549,558
1678,549,572
1679,550,553
1680,550,566
1681,551,554
1682,551,555
1683,551,556
1684,551,559
1685,552,554
1686,552,555
1687,552,558
1688,552,562
1689,552,564
1690,552,566
1691,552,572
1692,552,573
1693,554,556
1694,554,564
1695,554,570
1696,556,561
1697,556,566
1698,556,568
1699,557,562
1700,557,568
1701,559,562
1702,559,564
1703,559,565
1704,559,566
1705,559,567
1706,559,573
1707,560,565
1708,560,568
1709,561,563
1710,562,566
1711,563,567
1712,563,573
1713,564,566
1714,565,570
1715,565,571
1716,566,569
1717,567,568
1718,568,571
1719,574,587
1720,574,617
1721,574,619
1722,575,577
1723,575,583
1724,575,585
1725,575,608
1726,575,620
1727,576,577
1728,576,609
1729,576,615
1730,577,580
1731,577,590
1732,577,591
1733,577,593
1734,577,596
1735,577,598
1736,577,607
1737,577,616
1738,577,617
1739,577,618
1740,578,583
1741,578,586
1742,578,587
1743,579,582
1744,579,591
1745,579,594
1746,579,609
1747,579,614
1748,579,616
1749,580,593
1750,580,595
1751,580,596
1752,580,604
1753,580,606
1754,580,618
1755,581,582
1756,581,583
1757,581,592
1758,581,594
1759,581,595
1760,581,612
1761,581,617
1762,582,587
1763,582,592
1764,582,596
1765,583,586
1766,583,591
1767,583,594
1768,583,600
1769,583,604
1770,583,606
1771,583,615
1772,584,589
1773,584,595
1774,584,598
1775,584,606
1776,584,611
1777,584,619
1778,585,586
1779,585,588
1780,585,610
1781,586,596
1782,586,605
1783,586,609
1784,586,615
1785,586,617
1786,587,598
1787,587,604
1788,587,610
1789,588,595
1790,588,606
1791,588,615
1792,589,600
1793,589,601
1794,589,619
1795,590,596
1796,590,597
1797,590,599
1798,591,596
1799,591,609
1800,593,595
1801,593,599
1802,593,609
1803,593,610
1804,593,616
1805,594,599
1806,594,610
1807,594,617
1808,594,618
1809,595,602
1810,595,611
1811,596,602
1812,596,604
1813,596,607
1814,596,610
1815,596,620
1816,597,616
1817,598,604
1818,598,610
1819,598,611
1820,598,617
1821,598,620
1822,598,621
1823,599,604
1824,599,605
1825,600,602
1826,600,606
1827,600,615
1828,600,617
1829,600,621
1830,601,610
1831,601,614
1832,601,616
1833,601,618
1834,601,621
1835,602,605
1836,602,612
1837,602,613
1838,603,609
1839,603,610
1840,603,621
1841,604,606
1842,604,613
1843,604,615
1844,605,610
1845,605,612
1846,605,615
1847,606,609
1848,607,610
1849,607,611
1850,607,614
1851,608,613
1852,608,618
1853,608,619
1854,610,618
1855,611,620
1856,612,613
1857,612,621
1858,614,617
1859,614,619
1860,616,620
1861,616,621
1862,617,618
1863,622,624
1864,622,630
1865,622,631
1866,622,632
1867,622,634
1868,622,647
1869,623,627
1870,623,629
1871,623,635
1872,623,640
1873,623,643
1874,623,649
1875,623,650
1876,624,627
1877,624,628
1878,624,632
1879,624,656
1880,625,630
1881,625,634
1882,625,642
1883,625,647
1884,626,634
1885,626,639
1886,626,640
1887,626,642
1888,626,648
1889,626,649
1890,626,656
1891,627,634
1892,627,635
1893,627,642
1894,627,648
1895,628,630
1896,628,632
1897,628,650
1898,628,653
1899,628,654
1900,629,630
1901,629,634
1902,629,641
1903,629,642
1904,629,645
1905,629,656
1906,630,636
1907,630,641
1908,631,632
1909,631,633
1910,631,637
1911,631,640
1912,631,641
1913,631,648
1914,631,649
1915,631,650
1916,631,653
1917,632,635
1918,632,644
1919,632,651
1920,632,652
1921,633,642
1922,633,650
1923,634,640
1924,634,651
1925,634,652
1926,635,640
1927,635,645
1928,635,654
1929,635,655
1930,636,643
1931,636,644
1932,637,651
1933,637,654
1934,638,641
1935,639,640
1936,639,643
1937,639,646
1938,639,650
1939,639,651
1940,640,646
1941,640,649
1942,641,644
1943,641,647
1944,641,648
1945,641,650
1946,641,652
1947,641,653
1948,642,651
1949,642,654
1950,643,654
1951,643,655
1952,644,645
1953,644,651
1954,644,653
1955,644,654
1956,645,656
1957,646,650
1958,646,654
1959,647,648
1960,647,649
1961,647,654
1962,649,655
1963,649,656
1964,650,652
1965,650,655
1966,651,654
1967,655,656
1968,657,658
1969,657,659
1970,657,660
1971,657,662
1972,657,664
1973,657,669
1974,657,671
1975,657,674
1976,657,676
1977,658,661
1978,658,663
1979,658,672
1980,658,673
1981,658,674
1982,659,666
1983,659,670
1984,659,673
1985,659,675
1986,659,676
1987,660,661
1988,660,664
1989,660,667
1990,660,673
1991,661,662
1992,661,669
1993,661,672
1994,661,673
1995,661,675
1996,662,667
1997,662,668
1998,662,672
1999,663,664
2000,663,668
2001,663,670
2002,663,673
2003,663,676
2004,664,672
2005,665,666
2006,665,669
2007,665,672
2008,666,667
2009,666,670
2010,666,674
2011,666,675
2012,667,668
2013,667,669
2014,667,670
2015,667,674
2016,667,675
2017,668,673
2018,669,672
2019,669,673
2020,670,672
2021,670,674
2022,670,675
2023,671,672
2024,671,676
2025,672,675
2026,672,676
2027,674,676
2028,677,679
2029,677,684
2030,677,692
2031,677,697
2032,678,684
2033,678,690
2034,678,698
2035,679,685
2036,679,686
2037,679,687
2038,679,688
2039,679,696
2040,680,681
2041,680,682
2042,680,683
2043,680,685
2044,680,696
2045,680,703
2046,681,686
2047,681,687
2048,681,690
2049,681,692
2050,681,697
2051,681,698
2052,681,702
2053,681,703
2054,682,684
2055,682,692
2056,682,694
2057,682,698
2058,682,700
2059,682,701
2060,682,702
2061,682,703
2062,683,694
2063,683,696
2064,683,697
2065,683,701
2066,683,702
2067,684,690
2068,684,692
2069,684,693
2070,684,694
2071,684,700
2072,684,703
2073,684,705
2074,685,688
2075,685,693
2076,685,694
2077,685,697
2078,685,700
2079,685,703
2080,685,704
2081,686,701
2082,687,696
2083,687,701
2084,687,705
2085,688,691
2086,688,696
2087,688,697
2088,688,699
2089,688,701
2090,689,697
2091,689,700
2092,689,701
2093,690,695
2094,690,696
2095,690,700
2096,690,702
2097,691,695
2098,691,703
2099,691,704
2100,691,705
2101,692,693
2102,692,705
2103,693,694
2104,693,703
2105,694,701
2106,694,704
2107,695,702
2108,695,704
2109,696,700
2110,697,703
2111,698,702
2112,698,705
2113,699,705
2114,700,701
2115,706,726
2116,706,730
2117,706,731
2118,706,743
2119,706,751
2120,707,718
2121,707,727
2122,707,735
2123,707,742
2124,708,714
2125,708,715
2126,708,716
2127,708,719
2128,708,727
2129,708,734
2130,708,737
2131,708,745
2132,709,712
2133,709,714
2134,709,736
2135,709,747
2136,710,713
2137,710,715
2138,710,719
2139,710,722
2140,710,730
2141,710,747
2142,710,751
2143,711,715
2144,711,717
2145,711,723
2146,711,730
2147,711,737
2148,711,744
2149,711,746
2150,711,750
2151,712,713
2152,712,715
2153,712,718
2154,712,720
2155,712,723
2156,712,732
2157,712,733
2158,712,735
2159,712,751
2160,713,714
2161,713,715
2162,713,727
2163,713,731
2164,713,736
2165,713,737
2166,713,738
2167,714,717
2168,714,721
2169,714,736
2170,715,717
2171,715,722
2172,715,723
2173,715,734
2174,715,735
2175,715,744
2176,716,725
2177,716,728
2178,716,737
2179,716,742
2180,716,745
2181,716,749
2182,716,751
2183,717,724
2184,717,730
2185,717,731
2186,717,748
2187,717,750
2188,718,723
2189,718,726
2190,718,733
2191,718,738
2192,718,748
2193,719,736
2194,719,745
2195,720,736
2196,720,738
2197,720,749
2198,720,751
2199,721,730
2200,721,739
2201,722,736
2202,723,728
2203,723,734
2204,723,736
2205,723,745
2206,724,727
2207,724,748
2208,726,729
2209,726,731
2210,726,736
2211,726,741
2212,727,731
2213,727,741
2214,727,742
2215,727,746
2216,728,731
2217,728,743
2218,728,747
2219,728,749
2220,728,750
2221,730,731
2222,730,734
2223,730,743
2224,730,745
2225,730,749
2226,731,733
2227,731,749
2228,732,734
2229,732,738
2230,732,739
2231,732,740
2232,732,741
2233,733,739
2234,733,741
2235,733,748
2236,734,749
2237,735,736
2238,735,744
2239,735,745
2240,735,747
2241,735,748
2242,737,751
2243,738,741
2244,738,749
2245,739,744
2246,739,746
2247,740,745
2248,741,743
2249,742,744
2250,742,751
2251,744,747
2252,749,751
2253,752,754
2254,752,759
2255,752,780
2256,752,790
2257,753,759
2258,753,771
2259,753,774
2260,754,756
2261,754,757
2262,754,758
2263,754,764
2264,754,765
2265,754,766
2266,754,769
2267,754,771
2268,754,772
2269,754,774
2270,754,783
2271,755,757
2272,755,760
2273,755,762
2274,755,764
2275,756,763
2276,756,765
2277,756,769
2278,756,770
2279,756,779
2280,756,789
2281,757,758
2282,757,760
2283,757,771
2284,757,788
2285,758,759
2286,758,773
2287,758,783
2288,758,784
2289,758,785
2290,759,762
2291,759,774
2292,759,775
2293,759,779
2294,759,785
2295,760,768
2296,760,772
2297,760,773
2298,760,781
2299,760,785
2300,760,786
2301,760,787
2302,760,789
2303,760,790
2304,761,768
2305,761,772
2306,761,777
2307,761,788
2308,762,774
2309,762,781
2310,762,782
2311,762,784
2312,762,788
2313,762,789
2314,763,781
2315,763,782
2316,764,767
2317,764,775
2318,764,789
2319,765,782
2320,766,768
2321,766,780
2322,766,785
2323,766,786
2324,766,789
2325,767,773
2326,767,775
2327,767,779
2328,768,771
2329,768,772
2330,768,789
2331,769,771
2332,769,772
2333,769,781
2334,769,790
2335,770,772
2336,770,774
2337,770,776
2338,770,784
2339,771,782
2340,772,773
2341,772,777
2342,772,779
2343,772,783
2344,772,789
2345,773,781
2346,773,785
2347,773,786
2348,773,790
2349,774,777
2350,774,779
2351,774,782
2352,775,778
2353,775,785
2354,775,788
2355,776,783
2356,776,787
2357,777,787
2358,777,788
2359,778,780
2360,778,789
2361,778,790
2362,779,782
2363,779,788
2364,780,782
2365,780,783
2366,781,785
2367,781,787
2368,781,790
2369,786,790
2370,791,795
2371,791,803
2372,791,808
2373,791,816
2374,791,819
2375,791,821
2376,791,827
2377,792,793
2378,792,794
2379,792,803
2380,792,809
2381,792,811
2382,792,819
2383,792,824
2384,792,828
2385,792,829
2386,793,797
2387,793,805
2388,794,802
2389,794,815
2390,794,816
2391,794,817
2392,794,818
2393,794,819
2394,794,820
2395,794,821
2396,794,825
2397,795,803
2398,795,804
2399,795,808
2400,795,811
2401,795,818
2402,795,819
2403,795,820
2404,795,824
2405,795,827
2406,795,831
2407,796,813
2408,796,818
2409,796,821
2410,797,809
2411,797,827
2412,797,830
2413,798,800
2414,798,813
2415,798,817
2416,798,819
2417,798,824
2418,798,831
2419,799,805
2420,799,815
2421,799,828
2422,800,802
2423,800,819
2424,800,828
2425,801,805
2426,801,813
2427,801,821
2428,802,805
2429,802,809
2430,802,811
2431,802,822
2432,803,810
2433,803,818
2434,803,826
2435,804,814
2436,804,815
2437,804,825
2438,804,831
2439,805,808
2440,805,815
2441,805,816
2442,806,807
2443,806,808
2444,806,813
2445,806,818
2446,806,827
2447,806,828
2448,807,809
2449,807,817
2450,807,824
2451,807,827
2452,808,823
2453,808,829
2454,809,816
2455,809,821
2456,809,830
2457,809,831
2458,810,814
2459,810,817
2460,810,820
2461,810,821
2462,810,825
2463,810,826
2464,811,827
2465,811,831
2466,812,822
2467,812,825
2468,813,816
2469,813,830
2470,813,831
2471,814,816
2472,814,822
2473,814,825
2474,814,829
2475,815,816
2476,815,819
2477,815,822
2478,816,825
2479,816,826
2480,817,821
2481,819,826
2482,819,827
2483,820,826
2484,820,827
2485,821,823
2486,822,823
2487,822,826
2488,823,825
2489,824,827
2490,825,827
2491,825,829
2492,825,831
2493,832,839
2494,832,840
2495,832,843
2496,832,850
2497,832,860
2498,832,866
2499,832,871
2500,832,879
2501,833,846
2502,833,849
2503,833,856
2504,833,863
2505,834,861
2506,834,865
2507,834,868
2508,835,839
2509,835,849
2510,835,851
2511,835,862
2512,835,865
2513,835,869
2514,835,874
2515,835,875
2516,836,840
2517,836,848
2518,836,854
2519,836,857
2520,836,872
2521,836,878
2522,837,846
2523,837,854
2524,837,857
2525,837,874
2526,837,876
2527,838,839
2528,838,845
2529,838,859
2530,838,861
2531,838,871
2532,838,872
2533,838,877
2534,838,879
2535,839,841
2536,839,854
2537,839,855
2538,839,861
2539,839,871
2540,839,873
2541,840,842
2542,840,852
2543,840,855
2544,840,862
2545,840,866
2546,840,870
2547,840,874
2548,840,877
2549,841,855
2550,841,856
2551,841,877
2552,841,878
2553,842,844
2554,842,853
2555,842,854
2556,842,870
2557,842,872
2558,843,854
2559,843,861
2560,843,863
2561,843,874
2562,844,849
2563,844,854
2564,844,858
2565,844,859
2566,844,875
2567,844,876
2568,845,847
2569,845,848
2570,845,870
2571,845,871
2572,845,877
2573,846,856
2574,846,858
2575,846,867
2576,847,853
2577,847,854
2578,847,874
2579,848,856
2580,848,860
2581,848,863
2582,848,870
2583,849,855
2584,849,859
2585,849,871
2586,849,877
2587,849,878
2588,850,856
2589,850,858
2590,850,863
2591,850,870
2592,850,873
2593,850,877
2594,851,857
2595,851,865
2596,851,866
2597,851,870
2598,851,877
2599,852,856
2600,852,860
2601,853,857
2602,853,860
2603,854,857
2604,854,879
2605,856,863
2606,856,865
2607,856,873
2608,857,858
2609,857,864
2610,857,869
2611,857,870
2612,857,871
2613,857,876
2614,857,877
2615,858,874
2616,859,860
2617,859,866
2618,861,864
2619,861,866
2620,862,866
2621,862,869
2622,862,879
2623,863,874
2624,863,875
2625,863,879
2626,866,874
2627,867,869
2628,867,879
2629,868,873
2630,868,879
2631,870,877
2632,870,879
2633,872,875
2634,873,875
2635,874,875
2636,877,878
2637,880,887
2638,880,888
2639,880,890
2640,880,899
2641,880,900
2642,880,902
2643,880,904
2644,880,909
2645,881,882
2646,881,886
2647,881,892
2648,881,894
2649,882,886
2650,882,898
2651,882,903
2652,882,906
2653,882,912
2654,882,913
2655,882,917
2656,883,912
2657,883,915
2658,883,918
2659,884,898
2660,884,905
2661,884,908
2662,884,909
2663,885,890
2664,885,891
2665,885,898
2666,885,908
2667,886,893
2668,886,896
2669,886,906
2670,886,908
2671,886,910
2672,887,895
2673,887,902
2674,887,903
2675,887,915
2676,888,889
2677,888,901
2678,888,902
2679,888,903
2680,888,910
2681,888,913
2682,889,890
2683,889,892
2684,889,907
2685,889,910
2686,889,913
2687,889,916
2688,890,903
2689,890,909
2690,890,911
2691,890,918
2692,891,900
2693,891,902
2694,891,914
2695,892,902
2696,892,907
2697,892,913
2698,892,915
2699,892,917
2700,893,894
2701,893,896
2702,893,905
2703,894,903
2704,894,907
2705,895,903
2706,895,907
2707,895,908
2708,895,909
2709,895,912
2710,895,914
2711,896,900
2712,896,906
2713,896,908
2714,896,911
2715,896,916
2716,897,898
2717,897,903
2718,897,910
2719,897,915
2720,897,918
2721,898,901
2722,898,909
2723,899,900
2724,899,904
2725,899,908
2726,899,910
2727,899,917
2728,900,907
2729,900,913
2730,901,908
2731,902,905
2732,902,911
2733,903,904
2734,903,910
2735,903,914
2736,903,918
2737,904,911
2738,904,917
2739,904,918
2740,905,910
2741,905,912
2742,906,912
2743,906,913
2744,906,917
2745,908,912
2746,908,917
2747,909,916
2748,910,916
2749,911,918
2750,912,914
2751,912,916
2752,912,918
2753,913,918
2754,919,926
2755,919,931
2756,919,946
2757,919,960
2758,920,927
2759,920,937
2760,920,939
2761,920,942
2762,920,953
2763,920,958
2764,920,968
2765,921,927
2766,921,938
2767,921,943
2768,921,953
2769,922,937
2770,922,938
2771,922,955
2772,923,925
2773,923,944
2774,923,946
2775,923,956
2776,923,958
2777,923,961
2778,923,967
2779,924,929
2780,924,941
2781,924,945
2782,924,956
2783,924,958
2784,924,963
2785,924,964
2786,924,967
2787,925,926
2788,925,942
2789,925,947
2790,925,957
2791,925,960
2792,926,928
2793,926,933
2794,926,936
2795,926,940
2796,926,943
2797,926,952
2798,926,956
2799,926,964
2800,926,966
2801,927,939
2802,927,943
2803,927,957
2804,928,934
2805,928,944
2806,928,946
2807,928,949
2808,928,967
2809,929,932
2810,929,961
2811,930,933
2812,930,948
2813,930,950
2814,930,963
2815,930,968
2816,931,934
2817,931,937
2818,931,946
2819,931,949
2820,931,954
2821,931,957
2822,932,933
2823,932,948
2824,932,951
2825,932,962
2826,932,968
2827,933,947
2828,933,955
2829,933,956
2830,933,957
2831,933,963
2832,933,965
2833,934,945
2834,934,948
2835,934,953
2836,935,940
2837,935,943
2838,936,952
2839,936,959
2840,936,961
2841,937,939
2842,937,946
2843,937,947
2844,937,956
2845,937,958
2846,937,961
2847,938,945
2848,938,946
2849,938,956
2850,938,959
2851,938,966
2852,939,941
2853,939,948
2854,939,953
2855,939,959
2856,939,966
2857,940,946
2858,940,947
2859,940,959
2860,940,962
2861,940,965
2862,941,958
2863,942,944
2864,942,957
2865,943,959
2866,944,952
2867,944,953
2868,944,956
2869,944,964
2870,945,949
2871,945,957
2872,946,957
2873,946,959
2874,947,966
2875,947,968
2876,948,956
2877,948,957
2878,948,960
2879,949,952
2880,949,955
2881,950,957
2882,950,962
2883,950,963
2884,951,954
2885,951,957
2886,951,966
2887,951,967
2888,952,961
2889,953,962
2890,953,963
2891,953,967
2892,954,958
2893,955,956
2894,955,964
2895,955,966
2896,955,967
2897,956,960
2898,956,965
2899,960,962
2900,960,963
2901,960,965
2902,962,968
2903,963,964
2904,969,972
2905,969,991
2906,969,1000
2907,969,1010
2908,969,1017
2909,970,982
2910,970,983
2911,970,1008
2912,970,1010
2913,970,1013
2914,971,978
2915,971,981
2916,971,990
2917,971,993
2918,971,995
2919,971,1001
2920,971,1003
2921,972,980
2922,972,987
2923,972,990
2924,972,992
2925,972,994
2926,972,997
2927,972,1003
2928,972,1009
2929,973,991
2930,973,1012
2931,974,987
2932,974,991
2933,974,997
2934,974,1008
2935,975,977
2936,975,983
2937,975,1015
2938,976,978
2939,976,1000
2940,976,1008
2941,976,1011
2942,976,1012
2943,976,1013
2944,977,979
2945,977,981
2946,977,989
2947,977,994
2948,977,998
2949,977,999
2950,977,1004
2951,977,1010
2952,977,1012
2953,977,1013
2954,978,984
2955,978,988
2956,978,1000
2957,978,1011
2958,978,1017
2959,979,982
2960,979,988
2961,979,1012
2962,979,1014
2963,980,992
2964,981,989
2965,981,991
2966,981,996
2967,981,998
2968,981,999
2969,981,1004
2970,982,992
2971,982,998
2972,982,1002
2973,982,1009
2974,982,1011
2975,982,1013
2976,983,984
2977,983,1002
2978,983,1004
2979,983,1017
2980,984,1009
2981,984,1011
2982,985,1005
2983,985,1007
2984,985,1015
2985,986,990
2986,986,991
2987,986,993
2988,986,1010
2989,986,1012
2990,987,997
2991,987,1007
2992,987,1008
2993,988,990
2994,988,992
2995,988,1010
2996,988,1012
2997,989,991
2998,989,994
2999,989,1010
3000,989,1011
3001,989,1013
3002,990,992
3003,990,1005
3004,990,1012
3005,991,993
3006,991,999
3007,991,1014
3008,992,1002
3009,992,1009
3010,992,1014
3011,993,1008
3012,993,1013
3013,993,1014
3014,994,1005
3015,994,1016
3016,995,997
3017,995,1004
3018,995,1006
3019,995,1010
3020,996,1004
3021,996,1005
3022,996,1007
3023,996,1014
3024,996,1017
3025,997,998
3026,997,1004
3027,997,1010
3028,998,1009
3029,999,1008
3030,999,1010
3031,1000,1007
3032,1000,1014
3033,1001,1002
3034,1002,1011
3035,1002,1014
3036,1003,1009
3037,1004,1006
3038,1004,1013
3039,1005,1013
3040,1005,1015
3041,1006,1013
3042,1007,1013
3043,1007,1016
3044,1009,1012
3045,1009,1013
3046,1010,1016
3047,1011,1016
3048,1012,1014
3049,1012,1015
3050,1012,1016
3051,1018,1019
3052,1018,1020
3053,1018,1029
3054,1018,1032
3055,1018,1038
3056,1018,1041
3057,1019,1022
3058,1019,1023
3059,1019,1025
3060,1019,1030
3061,1019,1033
3062,1019,1036
3063,1019,1037
3064,1020,1021
3065,1020,1029
3066,1020,1033
3067,1020,1037
3068,1020,1043
3069,1021,1024
3070,1021,1031
3071,1021,1032
3072,1021,1033
3073,1021,1035
3074,1021,1038
3075,1022,1023
3076,1022,1024
3077,1022,1027
3078,1022,1030
3079,1022,1037
3080,1022,1042
3081,1023,1025
3082,1023,1028
3083,1023,1030
3084,1023,1031
3085,1023,1032
3086,1023,1034
3087,1023,1038
3088,1024,1025
3089,1024,1028
3090,1024,1032
3091,1024,1038
3092,1025,1036
3093,1025,1038
3094,1025,1040
3095,1026,1027
3096,1026,1029
3097,1026,1031
3098,1026,1036
3099,1027,1031
3100,1027,1034
3101,1027,1037
3102,1027,1039
3103,1027,1043
3104,1028,1029
3105,1028,1033
3106,1028,1037
3107,1028,1039
3108,1028,1041
3109,1029,1033
3110,1029,1036
3111,1029,1037
3112,1029,1039
3113,1030,1038
3114,1031,1037
3115,1031,1043
3116,1032,1037
3117,1032,1039
3118,1033,1037
3119,1033,1040
3120,1034,1038
3121,1035,1038
3122,1036,1038
3123,1037,1043
3124,1038,1041
3125,1039,1040
3126,1039,1041
3127,1039,1043
3128,1040,1042
3129,1044,1045
3130,1044,1051
3131,1044,1057
3132,1044,1058
3133,1044,1059
3134,1044,1063
3135,1045,1048
3136,1045,1054
3137,1045,1055
3138,1045,1061
3139,1045,1067
3140,1045,1073
3141,1046,1050
3142,1046,1056
3143,1046,1060
3144,1047,1048
3145,1047,1053
3146,1047,1057
3147,1047,1071
3148,1048,1050
3149,1048,1054
3150,1048,1061
3151,1048,1062
3152,1048,1063
3153,1048,1069
3154,1048,1073
3155,1048,1075
3156,1049,1054
3157,1049,1058
3158,1049,1061
3159,1049,1067
3160,1050,1064
3161,1050,1068
3162,1051,1052
3163,1051,1056
3164,1051,1058
3165,1051,1059
3166,1051,1068
3167,1051,1073
3168,1052,1057
3169,1052,1060
3170,1052,1061
3171,1052,1062
3172,1052,1063
3173,1052,1069
3174,1052,1071
3175,1052,1075
3176,1053,1063
3177,1053,1067
3178,1053,1068
3179,1054,1056
3180,1054,1058
3181,1054,1068
3182,1054,1074
3183,1054,1076
3184,1055,1061
3185,1055,1069
3186,1055,1071
3187,1056,1059
3188,1056,1060
3189,1056,1061
3190,1056,1062
3191,1056,1063
3192,1056,1071
3193,1056,1073
3194,1057,1059
3195,1057,1069
3196,1058,1061
3197,1058,1063
3198,1058,1072
3199,1058,1075
3200,1059,1060
3201,1059,1064
3202,1059,1069
3203,1059,1070
3204,1059,1075
3205,1060,1066
3206,1060,1069
3207,1060,1076
3208,1061,1072
3209,1062,1065
3210,1062,1066
3211,1062,1067
3212,1062,1072
3213,1063,1066
3214,1064,1068
3215,1064,1071
3216,1065,1069
3217,1065,1071
3218,1065,1074
3219,1065,1076
3220,1066,1074
3221,1068,1075
3222,1069,1071
3223,1069,1076
3224,1071,1072
3225,1071,1075
3226,1072,1073
3227,1073,1074
3228,1077,1080
3229,1077,1088
3230,1077,1098
3231,1077,1103
3232,1077,1104
3233,1077,1108
3234,1077,1117
3235,1077,1122
3236,1078,1079
3237,1078,1113
3238,1078,1122
3239,1079,1088
3240,1079,1098
3241,1079,1122
3242,1080,1088
3243,1080,1092
3244,1081,1088
3245,1081,1089
3246,1081,1091
3247,1081,1097
3248,1081,1099
3249,1081,1104
3250,1081,1105
3251,1081,1113
3252,1081,1114
3253,1082,1105
3254,1082,1109
3255,1082,1115
3256,1082,1118
3257,1082,1122
3258,1083,1094
3259,1083,1109
3260,1083,1112
3261,1083,1113
3262,1083,1123
3263,1084,1111
3264,1084,1113
3265,1085,1091
3266,1085,1094
3267,1085,1098
3268,1085,1117
3269,1085,1122
3270,1086,1103
3271,1086,1112
3272,1086,1114
3273,1086,1124
3274,1087,1090
3275,1087,1103
3276,1087,1123
3277,1088,1091
3278,1088,1097
3279,1088,1098
3280,1088,1105
3281,1088,1124
3282,1089,1103
3283,1089,1118
3284,1090,1094
3285,1090,1104
3286,1090,1122
3287,1090,1123
3288,1091,1100
3289,1091,1104
3290,1091,1113
3291,1091,1116
3292,1092,1100
3293,1092,1105
3294,1093,1094
3295,1093,1110
3296,1093,1116
3297,1093,1124
3298,1094,1096
3299,1094,1103
3300,1094,1107
3301,1094,1116
3302,1094,1123
3303,1095,1097
3304,1095,1113
3305,1095,1119
3306,1095,1123
3307,1095,1124
3308,1096,1097
3309,1096,1118
3310,1097,1108
3311,1097,1114
3312,1097,1115
3313,1097,1119
3314,1097,1120
3315,1098,1100
3316,1098,1103
3317,1098,1104
3318,1098,1109
3319,1098,1117
3320,1098,1118
3321,1098,1120
3322,1099,1114
3323,1099,1120
3324,1099,1122
3325,1100,1113
3326,1100,1114
3327,1100,1118
3328,1100,1120
3329,1100,1123
3330,1101,1110
3331,1101,1121
3332,1102,1106
3333,1102,1111
3334,1102,1113
3335,1102,1122
3336,1103,1106
3337,1103,1109
3338,1103,1115
3339,1103,1116
3340,1103,1117
3341,1104,1109
3342,1105,1113
3343,1106,1108
3344,1106,1109
3345,1106,1110
3346,1107,1110
3347,1107,1117
3348,1107,1119
3349,1107,1124
3350,1108,1113
3351,1109,1110
3352,1109,1113
3353,1109,1120
3354,1109,1124
3355,1110,1113
3356,1110,1116
3357,1110,1117
3358,1111,1115
3359,1111,1116
3360,1111,1120
3361,1111,1121
3362,1111,1122
3363,1112,1121
3364,1113,1118
3365,1115,1123
3366,1115,1124
3367,1116,1117
3368,1116,1121
3369,1118,1123
3370,1120,1123
3371,1122,1123
3372,1125,1128
3373,1125,1134
3374,1125,1135
3375,1125,1139
3376,1125,1155
3377,1126,1128
3378,1126,1130
3379,1126,1135
3380,1126,1141
3381,1126,1143
3382,1126,1151
3383,1126,1155
3384,1127,1131
3385,1127,1137
3386,1127,1138
3387,1127,1140
3388,1127,1147
3389,1127,1159
3390,1128,1131
3391,1128,1147
3392,1128,1149
3393,1128,1154
3394,1129,1132
3395,1129,1139
3396,1129,1143
3397,1130,1134
3398,1130,1145
3399,1130,1150
3400,1130,1155
3401,1130,1156
3402,1131,1135
3403,1131,1141
3404,1131,1146
3405,1131,1149
3406,1132,1139
3407,1132,1145
3408,1133,1137
3409,1133,1159
3410,1133,1160
3411,1134,1139
3412,1134,1147
3413,1134,1150
3414,1134,1151
3415,1134,1157
3416,1134,1158
3417,1135,1136
3418,1135,1138
3419,1135,1139
3420,1135,1142
3421,1135,1144
3422,1135,1149
3423,1135,1156
3424,1135,1157
3425,1136,1146
3426,1136,1149
3427,1136,1157
3428,1136,1158
3429,1137,1146
3430,1137,1149
3431,1138,1140
3432,1138,1141
3433,1138,1144
3434,1138,1146
3435,1138,1149
3436,1138,1157
3437,1139,1142
3438,1139,1143
3439,1139,1145
3440,1139,1152
3441,1139,1156
3442,1139,1157
3443,1140,1144
3444,1141,1152
3445,1142,1145
3446,1142,1152
3447,1143,1144
3448,1143,1147
3449,1144,1146
3450,1144,1154
3451,1144,1157
3452,1145,1148
3453,1145,1150
3454,1145,1151
3455,1145,1152
3456,1145,1154
3457,1145,1159
3458,1146,1147
3459,1146,1150
3460,1146,1156
3461,1147,1155
3462,1148,1150
3463,1148,1151
3464,1149,1155
3465,1149,1158
3466,1149,1159
3467,1150,1159
3468,1151,1158
3469,1152,1157
3470,1153,1154
3471,1153,1159
3472,1154,1155
3473,1155,1157
3474,1155,1159
3475,1156,1159
3476,1156,1160
3477,1157,1158
3478,1158,1159
3479,1158,1160
3480,1161,1163
3481,1161,1164
3482,1161,1165
3483,1161,1166
3484,1161,1168
3485,1161,1169
3486,1161,1170
3487,1161,1172
3488,1161,1173
3489,1162,1163
3490,1162,1167
3491,1162,1170
3492,1162,1172
3493,1162,1173
3494,1163,1164
3495,1163,1165
3496,1163,1166
3497,1163,1167
3498,1164,1165
3499,1164,1166
3500,1164,1168
3501,1164,1170
3502,1164,1171
3503,1164,1172
3504,1164,1173
3505,1165,1167
3506,1165,1169
3507,1165,1171
3508,1166,1168
3509,1166,1171
3510,1166,1173
3511,1167,1170
3512,1168,1169
3513,1168,1171
3514,1169,1171
3515,1169,1172
3516,1170,1172
3517,1171,1173
3518,1172,1173
3519,1174,1175
3520,1174,1176
3521,1174,1177
3522,1174,1178
3523,1174,1179
3524,1174,1180
3525,1174,1181
3526,1174,1182
3527,1174,1183
3528,1175,1178
3529,1175,1180
3530,1175,1182
3531,1175,1183
3532,1176,1177
3533,1176,1179
3534,1176,1181
3535,1176,1182
3536,1177,1178
3537,1177,1179
3538,1177,1181
3539,1177,1182
3540,1178,1179
3541,1178,1180
3542,1178,1181
3543,1179,1180
3544,1180,1181
3545,1180,1182
3546,1180,1183
3547,1181,1183
3548,1182,1183
3549,1184,1190
3550,1184,1195
3551,1184,1200
3552,1184,1209
3553,1184,1224
3554,1184,1225
3555,1184,1227
3556,1185,1197
3557,1185,1206
3558,1186,1192
3559,1186,1195
3560,1186,1199
3561,1186,1202
3562,1186,1214
3563,1186,1219
3564,1187,1188
3565,1187,1192
3566,1187,1201
3567,1187,1210
3568,1187,1221
3569,1187,1227
3570,1188,1190
3571,1188,1198
3572,1188,1216
3573,1189,1194
3574,1189,1208
3575,1189,1216
3576,1189,1229
3577,1190,1192
3578,1190,1195
3579,1190,1202
3580,1190,1203
3581,1190,1228
3582,1191,1192
3583,1191,1209
3584,1191,1225
3585,1191,1227
3586,1192,1208
3587,1192,1215
3588,1192,1221
3589,1192,1228
3590,1193,1197
3591,1193,1205
3592,1193,1213
3593,1193,1220
3594,1193,1221
3595,1193,1226
3596,1193,1228
3597,1194,1198
3598,1194,1213
3599,1194,1216
3600,1194,1222
3601,1194,1226
3602,1195,1197
3603,1195,1200
3604,1195,1203
3605,1195,1207
3606,1195,1220
3607,1195,1221
3608,1195,1229
3609,1196,1206
3610,1196,1225
3611,1197,1201
3612,1197,1206
3613,1197,1212
3614,1197,1217
3615,1198,1202
3616,1198,1216
3617,1198,1227
3618,1198,1232
3619,1199,1202
3620,1199,1217
3621,1199,1223
3622,1199,1224
3623,1200,1208
3624,1200,1222
3625,1200,1230
3626,1201,1202
3627,1201,1206
3628,1201,1226
3629,1202,1203
3630,1202,1206
3631,1202,1207
3632,1202,1209
3633,1202,1210
3634,1202,1228
3635,1202,1229
3636,1203,1205
3637,1203,1209
3638,1203,1210
3639,1203,1222
3640,1204,1207
3641,1204,1208
3642,1204,1213
3643,1204,1214
3644,1204,1228
3645,1204,1232
3646,1205,1211
3647,1205,1215
3648,1205,1219
3649,1205,1227
3650,1205,1229
3651,1206,1209
3652,1206,1218
3653,1206,1221
3654,1206,1232
3655,1207,1214
3656,1207,1215
3657,1208,1220
3658,1208,1224
3659,1208,1228
3660,1210,1216
3661,1210,1217
3662,1210,1221
3663,1210,1222
3664,1211,1223
3665,1212,1215
3666,1212,1217
3667,1212,1218
3668,1212,1219
3669,1212,1224
3670,1213,1223
3671,1213,1228
3672,1214,1219
3673,1216,1218
3674,1216,1220
3675,1216,1223
3676,1216,1228
3677,1216,1231
3678,1217,1221
3679,1217,1227
3680,1217,1231
3681,1218,1220
3682,1218,1230
3683,1219,1226
3684,1220,1226
3685,1220,1230
3686,1221,1232
3687,1222,1223
3688,1223,1225
3689,1224,1225
3690,1224,1226
3691,1225,1231
3692,1227,1232
3693,1228,1229
3694,1228,1231
3695,1228,1232
3696,1233,1238
3697,1233,1239
3698,1233,1243
3699,1233,1254
3700,1233,1255
3701,1233,1258
3702,1233,1262
3703,1234,1235
3704,1234,1247
3705,1234,1252
3706,1234,1257
3707,1234,1268
3708,1234,1274
3709,1234,1278
3710,1235,1238
3711,1235,1244
3712,1235,1252
3713,1235,1258
3714,1235,1265
3715,1235,1272
3716,1235,1274
3717,1236,1239
3718,1236,1240
3719,1236,1243
3720,1236,1246
3721,1236,1251
3722,1236,1252
3723,1236,1262
3724,1236,1264
3725,1236,1268
3726,1236,1269
3727,1236,1270
3728,1236,1272
3729,1236,1276
3730,1237,1239
3731,1237,1241
3732,1237,1245
3733,1238,1246
3734,1238,1271
3735,1238,1274
3736,1239,1240
3737,1239,1269
3738,1239,1276
3739,1239,1278
3740,1240,1246
3741,1240,1265
3742,1240,1269
3743,1240,1273
3744,1241,1257
3745,1241,1259
3746,1241,1263
3747,1241,1278
3748,1242,1254
3749,1242,1257
3750,1242,1265
3751,1242,1266
3752,1242,1267
3753,1242,1274
3754,1242,1277
3755,1242,1278
3756,1243,1244
3757,1243,1245
3758,1243,1252
3759,1243,1253
3760,1243,1256
3761,1243,1261
3762,1243,1275
3763,1243,1278
3764,1244,1245
3765,1244,1246
3766,1244,1264
3767,1244,1266
3768,1244,1269
3769,1245,1246
3770,1245,1256
3771,1245,1264
3772,1246,1249
3773,1246,1251
3774,1246,1261
3775,1246,1271
3776,1246,1272
3777,1246,1276
3778,1247,1262
3779,1247,1276
3780,1248,1277
3781,1249,1256
3782,1249,1258
3783,1249,1261
3784,1249,1276
3785,1250,1256
3786,1250,1257
3787,1250,1259
3788,1250,1276
3789,1251,1267
3790,1251,1268
3791,1251,1273
3792,1251,1277
3793,1252,1257
3794,1253,1254
3795,1254,1257
3796,1254,1266
3797,1254,1267
3798,1255,1269
3799,1255,1271
3800,1256,1262
3801,1256,1266
3802,1257,1271
3803,1258,1265
3804,1258,1277
3805,1259,1264
3806,1259,1265
3807,1259,1270
3808,1259,1277
3809,1260,1265
3810,1260,1272
3811,1261,1267
3812,1261,1271
3813,1261,1272
3814,1261,1274
3815,1262,1275
3816,1262,1278
3817,1263,1268
3818,1264,1266
3819,1264,1268
3820,1264,1271
3821,1264,1276
3822,1265,1272
3823,1266,1277
3824,1267,1273
3825,1267,1277
3826,1268,1269
3827,1269,1270
3828,1269,1272
3829,1269,1273
3830,1269,1274
3831,1269,1277
3832,1274,1278
3833,1275,1278
3834,1279,1281
3835,1279,1282
3836,1279,1283
3837,1279,1285
3838,1279,1286
3839,1279,1290
3840,1279,1292
3841,1279,1293
3842,1280,1284
3843,1280,1285
3844,1280,1286
3845,1280,1290
3846,1280,1291
3847,1281,1284
3848,1281,1288
3849,1281,1290
3850,1281,1291
3851,1281,1292
3852,1281,1293
3853,1282,1284
3854,1282,1287
3855,1283,1285
3856,1283,1286
3857,1283,1288
3858,1283,1289
3859,1283,1290
3860,1283,1291
3861,1283,1292
3862,1283,1293
3863,1284,1285
3864,1284,1289
3865,1284,1291
3866,1285,1288
3867,1285,1289
3868,1285,1290
3869,1285,1293
3870,1286,1288
3871,1286,1290
3872,1287,1291
3873,1288,1289
3874,1289,1292
3875,1289,1293
3876,1290,1293
3877,1291,1292
3878,1292,1293
3879,357,263
3880,1173,560
3881,926,843
3882,581,900
3883,1053,688
3884,325,1023
3885,936,909
3886,509,799
3887,1284,387
3888,179,511
3889,34,746
3890,1209,935
3891,861,342
3892,570,69
3893,119,605
3894,575,836
3895,213,662
3896,227,1158
3897,1263,218
3898,217,710
3899,703,192
3900,755,1056
3901,712,366
3902,7,617
3903,525,698
3904,51,1064
3905,433,848
3906,999,259
3907,792,402
3908,1034,623
3909,584,39
3910,1274,709
3911,615,291
3912,226,549
3913,348,369
3914,448,1102
3915,1169,1077
3916,393,1115
3917,685,47
3918,95,1025
3919,394,726
3920,205,1031
3921,1048,52
3922,981,1017
3923,401,106
3924,170,605
3925,238,519
3926,684,1131
3927,1118,371
3928,877,1236
3929,901,1092
3930,1003,533
3931,23,868
3932,1036,1105
3933,1027,845
3934,135,39
3935,1091,1211
3936,650,901
3937,478,1037
3938,838,258
3939,592,1210
3940,901,311
3941,1223,1243
3942,767,697
3943,134,1150
3944,959,605
3945,1108,217
3946,1147,250
3947,554,39
3948,717,284
3949,852,25
3950,1171,329
3951,1246,1085
3952,658,886
3953,1292,498
3954,522,1239
3955,599,107
3956,228,187
3957,166,543
3958,130,235
3959,1106,1263
3960,173,313
3961,239,602
3962,1003,1139
3963,689,410
3964,200,900
3965,767,1069
3966,415,660
3967,655,794
3968,1186,412
3969,81,608
3970,1197,70
3971,1139,220
3972,652,1174
3973,908,953
3974,444,549
3975,678,272
3976,1149,993
3977,707,284
3978,313,1171
3979,1182,969
3980,140,592
3981,352,1226
3982,714,280
3983,146,31
3984,1177,943
3985,479,880
3986,545,316
3987,598,330
3988,838,320
3989,1014,105
3990,170,633
3991,1228,815
3992,1221,1245
3993,780,745
3994,707,1126
3995,1114,775
3996,805,1284
3997,352,1216
3998,139,436
3999,352,1154
4000,1096,527
4001,406,481
4002,1256,408
4003,374,884
4004,359,940
4005,963,1150
4006,1044,420
4007,597,721
4008,976,1121
4009,468,728
4010,59,1261
4011,228,455
4012,320,1094
4013,68,360
4014,249,531
4015,1239,427
4016,974,1231
4017,51,1102
4018,1292,140
4019,1150,991
4020,9,484
4021,800,1084
4022,940,277
4023,17,1026
4024,1137,586
4025,189,483
4026,294,1099
4027,402,95
4028,146,854
4029,780,1133
4030,1081,620
4031,291,421
4032,233,943
4033,1067,990
4034,1123,319
4035,788,858
4036,845,907
4037,909,508
4038,296,376
4039,675,85
4040,571,873
4041,710,654
4042,1180,1186
4043,189,1123
4044,1199,1013
4045,601,1
4046,460,163
4047,524,423
4048,370,920
4049,973,84
4050,941,1177
4051,278,309
4052,617,563
4053,466,1079
4054,583,456
4055,854,406
4056,194,610
4057,368,26
4058,1293,728
4059,154,686
4060,158,572
4061,739,178
4062,638,1142
4063,455,1053
4064,935,751
4065,371,972
4066,235,234
4067,937,727
4068,1248,269
4069,446,1040
4070,203,1175
4071,586,1199
4072,660,1216
4073,1026,81
4074,461,340
4075,546,1246
4076,546,533
4077,152,309
4078,182,1062
4079,816,1137
4080,1011,676
4081,632,1083
4082,1153,1286
4083,3,220
4084,1247,1171
4085,594,944
4086,202,504
4087,406,173
4088,932,101
4089,201,1249
4090,251,526
4091,851,1267
4092,896,1002
4093,867,539
4094,185,782
4095,314,1021
4096,888,169
4097,737,900
4098,773,743
4099,252,303
4100,355,655
4101,446,784
4102,710,1178
4103,837,741
4104,1227,869
4105,573,693
4106,1255,181
4107,222,489
4108,1091,1224
4109,473,1250
4110,697,649
4111,1189,783
4112,519,224
4113,242,534
4114,740,200
4115,109,120
4116,953,369
4117,518,778
4118,665,988
4119,378,179
4120,691,534
4121,770,16
4122,864,923
4123,388,634
4124,758,555
4125,917,1253
4126,27,374
4127,1124,668
4128,1277,1253
4129,761,15
4130,612,890
4131,1090,541
4132,1073,231
4133,529,88
4134,1241,838
4135,628,381
4136,64,267
4137,356,16
4138,582,627
4139,1050,76
4140,1221,800
4141,291,1052
4142,494,12
4143,717,429
4144,840,706
